-- =============================================================================
-- FITX — Development seed data
-- Run with the service role (supabase db reset applies this automatically).
-- Creates the demo "Nation Gym" tenant with trainers, class kinds, weekly
-- class slots, and a handful of clients so the UI has data to render.
-- NOTE: profiles are not seeded here — they require auth.users rows. Create a
-- user via Supabase Auth, then insert a profile pointing at the gym below.
-- =============================================================================

insert into public.gyms (id, name, slug, email, timezone)
values ('00000000-0000-0000-0000-000000000001', 'Nation Gym', 'nation', 'hello@nationgym.test', 'Asia/Riyadh');

insert into public.trainers (id, gym_id, full_name, email, color, specialties) values
  ('00000000-0000-0000-0000-000000000101', '00000000-0000-0000-0000-000000000001', 'Sophia Williams', 'sophia@nationgym.test', '#ec4899', '{yoga,pilates}'),
  ('00000000-0000-0000-0000-000000000102', '00000000-0000-0000-0000-000000000001', 'Liam Smith',      'liam@nationgym.test',   '#8b5cf6', '{boxing,hiit}'),
  ('00000000-0000-0000-0000-000000000103', '00000000-0000-0000-0000-000000000001', 'Emma Johnson',    'emma@nationgym.test',   '#f59e0b', '{personal-training}'),
  ('00000000-0000-0000-0000-000000000104', '00000000-0000-0000-0000-000000000001', 'Jasim Khelaif',   'jasim@nationgym.test',  '#10b981', '{pilates}');

insert into public.class_kinds (id, gym_id, name, color, max_participants) values
  ('00000000-0000-0000-0000-000000000201', '00000000-0000-0000-0000-000000000001', 'Yoga Flow',         '#ec4899', 12),
  ('00000000-0000-0000-0000-000000000202', '00000000-0000-0000-0000-000000000001', 'Pilates',           '#f43f5e', 12),
  ('00000000-0000-0000-0000-000000000203', '00000000-0000-0000-0000-000000000001', 'Pilates Core',      '#22c55e', 12),
  ('00000000-0000-0000-0000-000000000204', '00000000-0000-0000-0000-000000000001', 'Boxing Bootcamp',   '#8b5cf6',  9),
  ('00000000-0000-0000-0000-000000000205', '00000000-0000-0000-0000-000000000001', 'HIIT Blast',        '#f97316', 10),
  ('00000000-0000-0000-0000-000000000206', '00000000-0000-0000-0000-000000000001', 'Personal Training', '#eab308',  1);

-- Classes (recurring templates). The weekly schedule lives in class_time_slots
-- (the single source of truth), so each class is seeded with an explicit id and
-- its slot(s) below. max_participants is the capacity.
insert into public.classes (id, gym_id, kind_id, trainer_id, max_participants) values
  ('00000000-0000-0000-0000-000000000301', '00000000-0000-0000-0000-000000000001', '00000000-0000-0000-0000-000000000201', '00000000-0000-0000-0000-000000000101', 12),
  ('00000000-0000-0000-0000-000000000302', '00000000-0000-0000-0000-000000000001', '00000000-0000-0000-0000-000000000202', '00000000-0000-0000-0000-000000000101', 12),
  ('00000000-0000-0000-0000-000000000303', '00000000-0000-0000-0000-000000000001', '00000000-0000-0000-0000-000000000201', '00000000-0000-0000-0000-000000000101', 12),
  ('00000000-0000-0000-0000-000000000304', '00000000-0000-0000-0000-000000000001', '00000000-0000-0000-0000-000000000201', '00000000-0000-0000-0000-000000000101', 12),
  ('00000000-0000-0000-0000-000000000305', '00000000-0000-0000-0000-000000000001', '00000000-0000-0000-0000-000000000203', '00000000-0000-0000-0000-000000000103', 12),
  ('00000000-0000-0000-0000-000000000306', '00000000-0000-0000-0000-000000000001', '00000000-0000-0000-0000-000000000204', '00000000-0000-0000-0000-000000000102',  9),
  ('00000000-0000-0000-0000-000000000307', '00000000-0000-0000-0000-000000000001', '00000000-0000-0000-0000-000000000206', '00000000-0000-0000-0000-000000000103',  1),
  ('00000000-0000-0000-0000-000000000308', '00000000-0000-0000-0000-000000000001', '00000000-0000-0000-0000-000000000202', '00000000-0000-0000-0000-000000000104', 12),
  ('00000000-0000-0000-0000-000000000309', '00000000-0000-0000-0000-000000000001', '00000000-0000-0000-0000-000000000201', '00000000-0000-0000-0000-000000000101', 12),
  ('00000000-0000-0000-0000-000000000310', '00000000-0000-0000-0000-000000000001', '00000000-0000-0000-0000-000000000205', '00000000-0000-0000-0000-000000000103', 10),
  ('00000000-0000-0000-0000-000000000311', '00000000-0000-0000-0000-000000000001', '00000000-0000-0000-0000-000000000206', '00000000-0000-0000-0000-000000000103',  1);

-- Weekly schedule slots (ISO day_of_week: 1 = Monday … 7 = Sunday)
insert into public.class_time_slots (gym_id, class_id, day_of_week, start_time, end_time) values
  ('00000000-0000-0000-0000-000000000001', '00000000-0000-0000-0000-000000000301', 3, '05:00', '06:00'),
  ('00000000-0000-0000-0000-000000000001', '00000000-0000-0000-0000-000000000302', 3, '08:00', '09:00'),
  ('00000000-0000-0000-0000-000000000001', '00000000-0000-0000-0000-000000000303', 4, '07:00', '08:00'),
  ('00000000-0000-0000-0000-000000000001', '00000000-0000-0000-0000-000000000304', 5, '05:00', '06:00'),
  ('00000000-0000-0000-0000-000000000001', '00000000-0000-0000-0000-000000000305', 5, '08:00', '09:00'),
  ('00000000-0000-0000-0000-000000000001', '00000000-0000-0000-0000-000000000306', 6, '07:00', '08:00'),
  ('00000000-0000-0000-0000-000000000001', '00000000-0000-0000-0000-000000000307', 6, '09:00', '09:45'),
  ('00000000-0000-0000-0000-000000000001', '00000000-0000-0000-0000-000000000308', 7, '08:00', '09:00'),
  ('00000000-0000-0000-0000-000000000001', '00000000-0000-0000-0000-000000000309', 7, '10:00', '11:00'),
  ('00000000-0000-0000-0000-000000000001', '00000000-0000-0000-0000-000000000310', 2, '06:00', '07:00'),
  ('00000000-0000-0000-0000-000000000001', '00000000-0000-0000-0000-000000000311', 1, '08:00', '09:00');

insert into public.clients (gym_id, full_name, email, phone, gender, status) values
  ('00000000-0000-0000-0000-000000000001', 'Omar Haddad',    'omar@example.test',   '+966500000001', 'male',   'active'),
  ('00000000-0000-0000-0000-000000000001', 'Lina Aziz',      'lina@example.test',   '+966500000002', 'female', 'active'),
  ('00000000-0000-0000-0000-000000000001', 'Yousef Karim',   'yousef@example.test', '+966500000003', 'male',   'active'),
  ('00000000-0000-0000-0000-000000000001', 'Sara Nasser',    'sara@example.test',   '+966500000004', 'female', 'inactive'),
  ('00000000-0000-0000-0000-000000000001', 'Khalid Mansour', 'khalid@example.test', '+966500000005', 'male',   'active');

insert into public.subscription_plans (gym_id, name, price, period_months, is_class_plan, classes_limit) values
  ('00000000-0000-0000-0000-000000000001', 'Monthly Membership',  199.00,  1, false, null),
  ('00000000-0000-0000-0000-000000000001', 'Annual Membership',  1799.00, 12, false, null),
  ('00000000-0000-0000-0000-000000000001', '12 Classes Pack',     349.00,  2, true,  12);
